Rank;Country;Cost of Living Index;Rent Index;Cost of Living Plus Rent Index;Groceries Index;Restaurant Price Index;Local Purchasing Power Index
1;Bermuda;141.7;99.0;121.4;142.6;144.7;82.3
2;Switzerland;110.3;50.2;81.7;113.3;104.3;116.2
3;Bahamas;88.3;38.4;64.5;71.9;94.3;44.2
4;Barbados;87.1;21.lut;55.7;81.7;74.5;32.6
5;Iceland;86.6;35.8;62.4;82.4;88.6;82.6
6;Norway;85.9;30.cze;59.6;81.3;87.6;86.3
7;Jersey;80.4;55.4;68.5;64.5;89.2;68.7
8;Singapore;79.1;65.1;72.4;71.4;52.2;94.6
9;Israel;77.3;32.9;56.2;66.4;83.9;73.5
10;Hong Kong;76.6;68.0;72.5;82.5;53.2;66.9
11;Denmark;73.1;29.2;52.2;59.9;81.1;99.8
12;Australia;72.3;35.7;54.9;72.7;64.1;117.6
13;Luxembourg;72.1;47.9;60.6;67.3;73.7;96.1
14;Guernsey;70.9;45.6;58.9;65.9;71.8;70.6
15;United States;69.9;46.9;59.0;70.1;65.7;99.9
16;New Zealand;69.0;29.kwi;50.2;67.7;63.9;85.0
17;Canada;68.8;35.1;52.7;68.1;64.3;101.7
18;Lebanon;68.5;20.lip;45.8;68.2;48.9;32.0
19;Macao;68.4;36.6;53.3;73.6;48.7;72.8
20;Netherlands;67.7;33.4;51.4;58.1;64.7;99.6
21;South Korea;67.0;16.maj;42.9;84.5;36.8;81.3
22;Ireland;66.7;44.2;56.0;54.2;66.7;75.2
23;France;65.6;24.wrz;46.2;63.2;63.6;79.6
24;Puerto Rico;64.6;21.cze;44.1;66.1;53.6;65.4
25;Austria;64.1;22.sie;44.4;58.0;60.7;75.1
26;Finland;63.7;21.wrz;43.8;56.4;63.6;91.0
27;Belgium;62.8;21.maj;43.1;53.2;65.9;86.3
28;Japan;62.8;20.wrz;42.8;66.6;35.6;91.1
29;Sweden;61.8;23.sty;43.4;54.9;62.3;94.9
30;Qatar;60.6;50.4;55.7;51.6;58.5;98.1
31;United Kingdom;60.4;31.0;46.4;48.7;63.7;92.9
32;Germany;59.6;26.0;43.6;48.6;52.4;102.7
33;Uruguay;59.1;15.0;38.1;48.7;57.7;28.cze
34;Italy;58.5;21.0;40.6;49.9;59.1;58.0
35;United Arab Emirates;58.0;37.3;48.2;46.7;53.9;118.9
36;Malta;57.7;24.lip;42.0;50.8;58.8;44.8
37;Taiwan;55.9;15.kwi;36.7;67.0;27.0;61.8
38;Maldives;54.5;27.kwi;41.6;53.0;32.3;31.sie
39;Cuba;54.0;16.kwi;36.1;48.4;31.6;01.maj
40;Bahrain;53.8;27.cze;41.4;43.5;47.3;60.4
41;Trinidad And Tobago;53.4;14.sty;34.7;52.8;50.6;37.4
42;Cyprus;52.5;23.kwi;38.6;43.2;52.6;54.5
43;Jamaica;50.8;14.sie;33.7;52.6;35.5;26.mar
44;Saudi Arabia;50.3;11.mar;31.sie;42.5;36.7;93.3
45;Palestine;50.2;09.maj;30.wrz;44.1;37.6;38.8
46;Greece;50.2;12.kwi;32.2;39.3;46.2;38.4
47;Belize;49.5;11.wrz;31.6;46.2;32.3;41.6
48;Estonia;49.5;14.lip;32.9;39.6;47.8;60.4
49;Panama;48.3;19.maj;34.6;47.3;40.1;32.7
50;Oman;48.1;15.kwi;32.5;45.1;39.8;78.8
51;Russia;48.1;16.0;32.8;41.2;44.2;42.2
52;Jordan;47.5;08.wrz;29.2;39.9;39.4;32.2
53;Spain;47.5;21.kwi;35.1;39.5;47.5;77.3
54;Slovenia;47.3;15.mar;32.1;42.1;39.4;57.9
55;Guyana;46.9;08.kwi;28.cze;50.3;37.1;19.lip
56;Kuwait;46.0;27.lip;37.3;33.3;42.0;81.8
57;Cambodia;45.7;14.0;30.cze;46.0;20.cze;14.0
58;Latvia;45.2;10.0;28.maj;35.9;37.9;49.8
59;Czech Republic;44.3;18.mar;31.9;37.6;33.4;69.9
60;Croatia;43.7;11.cze;28.maj;37.3;36.5;52.8
61;Costa Rica;43.6;13.mar;29.2;42.4;36.3;38.6
62;Brunei;43.4;18.mar;31.4;46.4;27.wrz;87.3
63;Lithuania;43.1;15.mar;29.wrz;35.4;39.2;55.7
64;El Salvador;42.9;13.sty;28.sie;43.2;32.3;20.maj
65;Zimbabwe;42.5;09.lip;26.wrz;37.7;34.3;17.mar
66;Portugal;42.2;20.lip;32.0;33.8;34.9;47.9
67;Dominican Republic;42.0;10.mar;26.wrz;38.0;34.4;21.cze
68;Venezuela;41.8;08.sty;25.lip;36.1;42.9;12.lip
69;Ethiopia;41.7;17.kwi;30.2;35.0;19.maj;11.0
70;Guatemala;41.3;14.wrz;28.sie;40.6;29.0;26.wrz
71;Slovakia;41.0;13.sie;28.sty;38.3;30.cze;53.8
72;Mauritius;40.7;09.sie;26.0;41.1;30.lip;29.mar
73;China;40.3;22.sty;31.lip;42.9;29.0;56.2
74;Fiji;39.4;15.sty;27.sie;44.1;32.2;38.7
75;Armenia;39.0;17.maj;28.sie;33.9;32.2;26.0
76;Honduras;38.9;09.sty;24.lip;33.8;26.lut;31.4
77;Thailand;38.6;12.maj;26.lut;40.5;19.sie;30.sie
78;Ivory Coast;38.2;13.lip;26.maj;33.4;25.cze;07.sie
79;South Africa;37.9;14.sie;26.wrz;31.sty;35.0;77.8
80;Bulgaria;37.6;09.cze;24.mar;33.5;31.sie;46.9
81;Nicaragua;37.2;08.lut;23.kwi;35.7;25.sty;19.cze
82;Chile;37.2;11.kwi;24.wrz;34.1;33.7;35.8
83;Botswana;36.5;08.mar;23.sty;32.5;37.4;59.9
84;Iran;36.5;16.kwi;26.wrz;28.0;25.kwi;18.0
85;Ecuador;35.7;09.lip;23.kwi;33.0;25.sie;33.6
86;Namibia;35.6;11.cze;24.lut;33.0;37.4;51.0
87;Vietnam;35.6;11.lip;24.lut;36.4;18.lut;28.lut
88;Mexico;35.1;12.0;24.lut;34.8;31.9;41.1
89;Poland;35.1;14.lut;25.sty;28.kwi;31.4;60.7
90;Romania;34.9;10.0;23.sty;30.maj;29.lip;48.8
91;Georgia;34.9;15.kwi;25.cze;30.kwi;32.1;25.sty
92;Brazil;34.8;08.maj;22.mar;30.0;25.cze;27.mar
93;Montenegro;34.7;11.sty;23.maj;29.2;27.maj;37.2
94;Hungary;34.6;11.sty;23.maj;30.wrz;28.lut;53.2
95;Malaysia;34.4;09.lip;22.lip;37.1;19.sie;59.4
96;Mongolia;33.7;09.sty;22.0;34.5;26.kwi;23.cze
97;Philippines;33.6;10.mar;22.maj;33.6;20.sty;20.sty
98;Albania;33.6;08.lut;21.maj;27.lip;22.wrz;28.lip
99;Kenya;33.4;07.maj;21.0;31.4;28.sty;32.2
100;Serbia;33.3;07.maj;21.sty;26.sie;27.lut;41.6
101;Myanmar;33.1;19.mar;26.maj;35.6;18.lut;28.sty
102;Bolivia;32.6;08.maj;21.sty;29.sty;23.0;36.5
103;Cameroon;32.5;05.maj;19.lip;33.3;21.maj;16.wrz
104;Bosnia And Herzegovina;32.2;05.mar;19.kwi;28.cze;20.sie;46.5
105;Indonesia;32.2;08.lut;20.sie;35.1;16.lip;25.maj
106;Argentina;32.1;06.wrz;20.sty;26.sie;28.0;33.6
107;Somalia;31.9;5.0;19.sty;35.0;24.sie;30.lip
108;Iraq;31.sie;09.kwi;21.lut;27.sie;25.wrz;43.6
109;Uganda;31.4;9.0;20.sie;28.lip;22.0;11.sie
110;Rwanda;30.sie;13.kwi;22.maj;26.lip;25.0;26.mar
111;Peru;30.lip;10.lut;21.0;29.2;20.lut;28.maj
112;Ukraine;30.lip;10.sie;21.lut;27.sty;26.lut;36.3
113;Paraguay;30.2;09.maj;20.kwi;26.lut;22.kwi;25.kwi
114;Tanzania;30.sty;10.sty;20.cze;28.lut;21.kwi;17.lip
115;Nigeria;30.0;32.8;31.4;33.1;20.0;08.lut
116;Ghana;30.0;17.wrz;24.lut;31.sty;22.lip;17.sty
117;Morocco;29.lip;07.mar;19.0;26.kwi;20.kwi;32.7
118;Bangladesh;29.mar;03.cze;17.0;28.0;17.maj;25.mar
119;Moldova;28.wrz;07.kwi;18.lip;24.kwi;24.0;33.4
120;North Macedonia;28.maj;5.0;17.kwi;24.sie;19.kwi;35.6
121;Turkey;28.kwi;06.maj;18.0;23.lip;17.lut;28.0
122;Azerbaijan;28.mar;06.kwi;17.wrz;25.lip;24.wrz;29.kwi
123;Kazakhstan;26.maj;08.kwi;17.wrz;23.lip;25.lut;35.2
124;Belarus;26.kwi;08.mar;17.sie;24.lut;25.sie;32.3
125;Uzbekistan;26.mar;09.sie;18.maj;25.mar;22.cze;24.sty
126;Egypt;26.mar;05.maj;16.kwi;24.cze;22.sty;21.lip
127;Nepal;26.lut;03.sie;15.maj;24.cze;18.sty;20.0
128;Kyrgyzstan;25.sie;07.cze;17.lut;25.kwi;21.sty;23.wrz
129;Syria;25.sie;04.kwi;15.cze;23.lip;18.mar;05.lip
130;Tunisia;25.maj;04.wrz;15.lip;24.wrz;14.sty;28.cze
131;Colombia;25.lut;07.sie;16.wrz;23.0;18.mar;28.mar
132;Kosovo (Disputed Territory);25.lut;06.wrz;16.maj;23.maj;15.wrz;38.9
133;Algeria;25.sty;03.sie;15.0;27.kwi;12.maj;25.kwi
134;Libya;24.cze;05.sty;15.mar;24.wrz;19.lip;30.sty
135;India;23.wrz;06.lut;15.kwi;25.cze;16.kwi;76.4
136;Sri Lanka;22.kwi;05.lip;14.kwi;26.wrz;11.0;15.mar
137;Pakistan;17.sie;03.kwi;11.0;15.sie;13.cze;24.kwi
